Year,Month,Season,Day,Weekday,Holidays/Festivals/Birthdays,Semester,Events
4722,Sarenith,Monsoon,1,Wealday,First Rain (Equinox; Grandmother Spider),1,Semester begins! Called to Janatimo’s Office
4722,Sarenith,Monsoon,2,Oathday, ,1,Visit Oba’s Zoo; Ignaci and Anadi make friends
4722,Sarenith,Monsoon,3,Fireday,,1, 
4722,Sarenith,Monsoon,4,Starday, ,1,Visit Magistrate-Mayor Asanda
4722,Sarenith,Monsoon,5,Sunday, ,1, 
4722,Sarenith,Monsoon,6,Moonday,Stardust Day (Desna),1, 
4722,Sarenith,Monsoon,7,Toilday, ,1, 
4722,Sarenith,Monsoon,8,Wealday, ,1, 
4722,Sarenith,Monsoon,9,Oathday, ,1, 
4722,Sarenith,Monsoon,10,Fireday, ,1, 
4722,Sarenith,Monsoon,11,Starday, ,1, 
4722,Sarenith,Monsoon,12,Sunday, ,1, 
4722,Sarenith,Monsoon,13,Moonday,Okoro’s Birthday,1, 
4722,Sarenith,Monsoon,14,Toilday, ,1, 
4722,Sarenith,Monsoon,15,Wealday, ,1, 
4722,Sarenith,Monsoon,16,Oathday, ,1, 
4722,Sarenith,Monsoon,17,Fireday, ,1, 
4722,Sarenith,Monsoon,18,Starday, ,1,Visit the farm and try to track the Mpeshi
4722,Sarenith,Monsoon,19,Sunday,Day of Remembrance (Vidrian Independence),1,Capture the Mpeshi; Esi’s mom visits
4722,Sarenith,Monsoon,20,Moonday, ,1,GOAT-Launch
4722,Sarenith,Monsoon,21,Toilday, ,1, 
4722,Sarenith,Monsoon,22,Wealday,Longwalk (Grandmother Spider),1,Binji’s job-board created
4722,Sarenith,Monsoon,23,Oathday, ,1, 
4722,Sarenith,Monsoon,24,Fireday, ,1, 
4722,Sarenith,Monsoon,25,Starday, ,1, 
4722,Sarenith,Monsoon,26,Sunday, ,1, 
4722,Sarenith,Monsoon,27,Moonday,,1,Start work on Glimmer Rain lit mag
4722,Sarenith,Monsoon,28,Toilday, ,1, 
4722,Sarenith,Monsoon,29,Wealday, ,1, 
4722,Sarenith,Monsoon,30,Oathday, ,1, 
4722,Erastus,Monsoon,1,Fireday, ,1, 
4722,Erastus,Monsoon,2,Starday, ,1, 
4722,Erastus,Monsoon,3,Sunday, ,1, 
4722,Erastus,Monsoon,4,Moonday,Longnight Festival (Full Moon),1, 
4722,Erastus,Monsoon,5,Toilday, ,1, 
4722,Erastus,Monsoon,6,Wealday, ,1, 
4722,Erastus,Monsoon,7,Oathday, ,1, 
4722,Erastus,Monsoon,8,Fireday, ,1, 
4722,Erastus,Monsoon,9,Starday, ,1, 
4722,Erastus,Monsoon,10,Sunday, ,1, 
4722,Erastus,Monsoon,11,Moonday, ,1, 
4722,Erastus,Monsoon,12,Toilday, ,1, 
4722,Erastus,Monsoon,13,Wealday,Chizire’s Birthday,1, 
4722,Erastus,Monsoon,14,Oathday, ,1, 
4722,Erastus,Monsoon,15,Fireday,Kianidi Festival ,1, 
4722,Erastus,Monsoon,16,Starday,Kianidi Festival ,1, 
4722,Erastus,Monsoon,17,Sunday,Kianidi Festival ,1, 
4722,Erastus,Monsoon,18,Moonday,Kianidi Festival ,1, 
4722,Erastus,Monsoon,19,Toilday,Kianidi Festival ,1, 
4722,Erastus,Monsoon,20,Wealday,Kianidi Festival ,1, 
4722,Erastus,Monsoon,21,Oathday,Kianidi Festival ,1, 
4722,Erastus,Monsoon,22,Fireday, ,1, 
4722,Erastus,Monsoon,23,Starday, ,1, 
4722,Erastus,Monsoon,24,Sunday, ,1, 
4722,Erastus,Monsoon,25,Moonday, ,1, 
4722,Erastus,Monsoon,26,Toilday, ,1, 
4722,Erastus,Monsoon,27,Wealday, ,1, 
4722,Erastus,Monsoon,28,Oathday, ,1, 
4722,Erastus,Monsoon,29,Fireday, ,1, 
4722,Erastus,Monsoon,30,Starday, ,1, 
4722,Erastus,Monsoon,31,Sunday, ,1, 
4722,Arodus,Monsoon,1,Moonday, ,1, 
4722,Arodus,Monsoon,2,Toilday, ,1, 
4722,Arodus,Monsoon,3,Wealday, ,1, 
4722,Arodus,Monsoon,4,Oathday, ,1, 
4722,Arodus,Monsoon,5,Fireday, ,1, 
4722,Arodus,Monsoon,6,Starday, ,1, 
4722,Arodus,Monsoon,7,Sunday,Chimwemwe’s Birthday,1, 
4722,Arodus,Monsoon,8,Moonday, ,1, 
4722,Arodus,Monsoon,9,Toilday, ,1, 
4722,Arodus,Monsoon,10,Wealday, ,1, 
4722,Arodus,Monsoon,11,Oathday, ,1, 
4722,Arodus,Monsoon,12,Fireday, ,1, 
4722,Arodus,Monsoon,13,Starday, ,1, 
4722,Arodus,Monsoon,14,Sunday, ,1, 
4722,Arodus,Monsoon,15,Moonday, ,1, 
4722,Arodus,Monsoon,16,Toilday, ,1, 
4722,Arodus,Monsoon,17,Wealday, ,1, 
4722,Arodus,Monsoon,18,Oathday, ,1, 
4722,Arodus,Monsoon,19,Fireday, ,1, 
4722,Arodus,Monsoon,20,Starday, ,1, 
4722,Arodus,Monsoon,21,Sunday, ,1, 
4722,Arodus,Monsoon,22,Moonday, ,1,Glimmer Rain lit mag published with Alrinkiri’s story
4722,Arodus,Monsoon,23,Toilday, ,1, 
4722,Arodus,Monsoon,24,Wealday, ,1, 
4722,Arodus,Monsoon,25,Oathday, ,1, 
4722,Arodus,Monsoon,26,Fireday, ,1, 
4722,Arodus,Monsoon,27,Starday, ,1, 
4722,Arodus,Monsoon,28,Sunday, ,1, 
4722,Arodus,Monsoon,29,Moonday, ,1, 
4722,Arodus,Monsoon,30,Toilday, ,1, 
4722,Arodus,Monsoon,31,Wealday, ,1, 
4722,Rova,Spring,1,Oathday,Firstbloom (Spring solstice),2,Spring Semester Begins
4722,Rova,Spring,2,Fireday, ,2, 
4722,Rova,Spring,3,Starday, ,2, 
4722,Rova,Spring,4,Sunday, ,2, 
4722,Rova,Spring,5,Moonday, ,2, 
4722,Rova,Spring,6,Toilday, ,2, 
4722,Rova,Spring,7,Wealday, ,2,Coil Spies uncovered in Hababe Building 
4722,Rova,Spring,8,Oathday, ,2, 
4722,Rova,Spring,9,Fireday, ,2,Zachva and Zanvi start school
4722,Rova,Spring,10,Starday, ,2, 
4722,Rova,Spring,11,Sunday, ,2, 
4722,Rova,Spring,12,Moonday,Planting Week Festival,2, 
4722,Rova,Spring,13,Toilday,Planting Week Festival,2, 
4722,Rova,Spring,14,Wealday,Planting Week Festival,2, 
4722,Rova,Spring,15,Oathday,Planting Week Festival,2, 
4722,Rova,Spring,16,Fireday,Planting Week Festival,2, 
4722,Rova,Spring,17,Starday,Merrymead ,2, 
4722,Rova,Spring,18,Sunday,Merrymead ,2,Anchor Root records concert
4722,Rova,Spring,19,Moonday, ,2, 
4722,Rova,Spring,20,Toilday, ,2, 
4722,Rova,Spring,21,Wealday, ,2, 
4722,Rova,Spring,22,Oathday, ,2, 
4722,Rova,Spring,23,Fireday, ,2, 
4722,Rova,Spring,24,Starday, ,2, 
4722,Rova,Spring,25,Sunday, ,2, 
4722,Rova,Spring,26,Moonday, ,2, 
4722,Rova,Spring,27,Toilday, ,2, 
4722,Rova,Spring,28,Wealday, ,2, 
4722,Rova,Spring,29,Oathday, ,2, 
4722,Rova,Spring,30,Fireday,Haibram’s Birthday,2, 
4722,Lamashan,Spring,1,Starday, ,2, 
4722,Lamashan,Spring,2,Sunday, ,2, 
4722,Lamashan,Spring,3,Moonday, ,2, 
4722,Lamashan,Spring,4,Toilday, ,2, 
4722,Lamashan,Spring,5,Wealday,Mariama’s Birthday,2, 
4722,Lamashan,Spring,6,Oathday,Ascendance Day (Iomedae),2, 
4722,Lamashan,Spring,7,Fireday, ,2,Okoro and Ignaci move in together
4722,Lamashan,Spring,8,Starday, ,2, 
4722,Lamashan,Spring,9,Sunday, ,2, 
4722,Lamashan,Spring,10,Moonday, ,2, 
4722,Lamashan,Spring,11,Toilday, ,2, 
4722,Lamashan,Spring,12,Wealday, ,2, 
4722,Lamashan,Spring,13,Oathday, ,2, 
4722,Lamashan,Spring,14,Fireday, ,2, 
4722,Lamashan,Spring,15,Starday, ,2, 
4722,Lamashan,Spring,16,Sunday, ,2, 
4722,Lamashan,Spring,17,Moonday, ,2, 
4722,Lamashan,Spring,18,Toilday, ,2, 
4722,Lamashan,Spring,19,Wealday, ,2, 
4722,Lamashan,Spring,20,Oathday, ,2, 
4722,Lamashan,Spring,21,Fireday, ,2, 
4722,Lamashan,Spring,22,Starday, ,2, 
4722,Lamashan,Spring,23,Sunday, ,2, 
4722,Lamashan,Spring,24,Moonday, ,2, 
4722,Lamashan,Spring,25,Toilday, ,2, 
4722,Lamashan,Spring,26,Wealday, ,2, 
4722,Lamashan,Spring,27,Oathday, ,2, 
4722,Lamashan,Spring,28,Fireday, ,2, 
4722,Lamashan,Spring,29,Starday,Gala of Sails,2, 
4722,Lamashan,Spring,30,Sunday, ,2, 
4722,Lamashan,Spring,31,Moonday, ,2, 
4722,Neth,Spring,1,Toilday, ,2,Binji wants to start learning
4722,Neth,Spring,2,Wealday, ,2, 
4722,Neth,Spring,3,Oathday, ,2, 
4722,Neth,Spring,4,Fireday, ,2, 
4722,Neth,Spring,5,Starday, ,2, 
4722,Neth,Spring,6,Sunday, ,2, 
4722,Neth,Spring,7,Moonday, ,2, 
4722,Neth,Spring,8,Toilday,Abjurant Day,2, 
4722,Neth,Spring,9,Wealday, ,2, 
4722,Neth,Spring,10,Oathday, ,2, 
4722,Neth,Spring,11,Fireday, ,2, 
4722,Neth,Spring,12,Starday, ,2, 
4722,Neth,Spring,13,Sunday, ,2, 
4722,Neth,Spring,14,Moonday,Spiderlings’ Birthdays,2, 
4722,Neth,Spring,15,Toilday, ,2, 
4722,Neth,Spring,16,Wealday, ,2, 
4722,Neth,Spring,17,Oathday, ,2, 
4722,Neth,Spring,18,Fireday, ,2, 
4722,Neth,Spring,19,Starday, ,2, 
4722,Neth,Spring,20,Sunday, ,2, 
4722,Neth,Spring,21,Moonday, ,2, 
4722,Neth,Spring,22,Toilday, ,2, 
4722,Neth,Spring,23,Wealday, Seven Veils,2, 
4722,Neth,Spring,24,Oathday, ,2, 
4722,Neth,Spring,25,Fireday, ,2, 
4722,Neth,Spring,26,Starday, ,2, 
4722,Neth,Spring,27,Sunday, ,2, 
4722,Neth,Spring,28,Moonday, Transmutatum,2, 
4722,Neth,Spring,29,Toilday, ,2, 
4722,Neth,Spring,30,Wealday, ,2,
4722,Kuthona,Summer,1,Oathday,Dry Season Equinox,3,Summer Semester Begins
4722,Kuthona,Summer,2,Fireday, ,3, 
4722,Kuthona,Summer,3,Starday, ,3,Conversant Ceremony
4722,Kuthona,Summer,4,Sunday, ,3,Xhokan’s Job given
4722,Kuthona,Summer,5,Moonday, ,3, 
4722,Kuthona,Summer,6,Toilday, ,3, 
4722,Kuthona,Summer,7,Wealday, ,3, 
4722,Kuthona,Summer,8,Oathday,Root’s Birthday,3, 
4722,Kuthona,Summer,9,Fireday, ,3, 
4722,Kuthona,Summer,10,Starday, ,3, 
4722,Kuthona,Summer,11,Sunday, ,3, 
4722,Kuthona,Summer,12,Moonday, ,3, 
4722,Kuthona,Summer,13,Toilday, ,3, 
4722,Kuthona,Summer,14,Wealday, ,3, 
4722,Kuthona,Summer,15,Oathday, ,3, 
4722,Kuthona,Summer,16,Fireday, ,3, 
4722,Kuthona,Summer,17,Starday, ,3, 
4722,Kuthona,Summer,18,Sunday, ,3, 
4722,Kuthona,Summer,19,Moonday, ,3, 
4722,Kuthona,Summer,20,Toilday, ,3, 
4722,Kuthona,Summer,21,Wealday, ,3, 
4722,Kuthona,Summer,22,Oathday, ,3, 
4722,Kuthona,Summer,23,Fireday, ,3, 
4722,Kuthona,Summer,24,Starday, ,3, 
4722,Kuthona,Summer,25,Sunday,Noxolo’s Birthday,3, 
4722,Kuthona,Summer,26,Moonday, ,3, 
4722,Kuthona,Summer,27,Toilday, ,3, 
4722,Kuthona,Summer,28,Wealday, ,3, 
4722,Kuthona,Summer,29,Oathday, ,3, 
4722,Kuthona,Summer,30,Starday, ,3, 
4722,Kuthona,Summer,31,Sunday, ,3, 
4722,Abadius,Summer,1,Starday, ,3, 
4722,Abadius,Summer,2,Sunday, ,3, 
4722,Abadius,Summer,3,Moonday, ,3, 
4722,Abadius,Summer,4,Toilday, ,3, 
4722,Abadius,Summer,5,Wealday, ,3, 
4722,Abadius,Summer,6,Oathday,Vault Day (Abadar),3, 
4722,Abadius,Summer,7,Fireday, ,3, 
4722,Abadius,Summer,8,Starday, ,3, 
4722,Abadius,Summer,9,Sunday, ,3, 
4722,Abadius,Summer,10,Moonday, ,3, 
4722,Abadius,Summer,11,Toilday, ,3, 
4722,Abadius,Summer,12,Wealday, ,3, 
4722,Abadius,Summer,13,Oathday, ,3, 
4722,Abadius,Summer,14,Fireday, ,3, 
4722,Abadius,Summer,15,Starday, ,3, 
4722,Abadius,Summer,16,Sunday, ,3, 
4722,Abadius,Summer,17,Moonday, ,3, 
4722,Abadius,Summer,18,Toilday, ,3, 
4722,Abadius,Summer,19,Wealday,Swallowtail Festival (Desna),3, 
4722,Abadius,Summer,20,Oathday, ,3, 
4722,Abadius,Summer,21,Fireday, ,3, 
4722,Abadius,Summer,22,Starday, ,3, 
4722,Abadius,Summer,23,Sunday, ,3, 
4722,Abadius,Summer,24,Moonday, ,3, 
4722,Abadius,Summer,25,Toilday, ,3, 
4722,Abadius,Summer,26,Wealday, ,3, 
4722,Abadius,Summer,27,Oathday, ,3, 
4722,Abadius,Summer,28,Fireday, ,3, 
4722,Abadius,Summer,29,Starday, ,3, 
4722,Abadius,Summer,30,Sunday, ,3, 
4722,Abadius,Summer,31,Moonday, ,3, 
4722,Calistril,Summer,1,Toilday, ,3, 
4722,Calistril,Summer,2,Wealday, ,3, 
4722,Calistril,Summer,3,Oathday, ,3, 
4722,Calistril,Summer,4,Fireday,Harmattan Revel ,3, 
4722,Calistril,Summer,5,Starday, ,3, 
4722,Calistril,Summer,6,Sunday, ,3, 
4722,Calistril,Summer,7,Moonday, ,3, 
4722,Calistril,Summer,8,Toilday, ,3, 
4722,Calistril,Summer,9,Wealday, ,3, 
4722,Calistril,Summer,10,Oathday, ,3, 
4722,Calistril,Summer,11,Fireday, ,3, 
4722,Calistril,Summer,12,Starday, ,3, 
4722,Calistril,Summer,13,Sunday, ,3, 
4722,Calistril,Summer,14,Moonday, ,3, 
4722,Calistril,Summer,15,Toilday, ,3, 
4722,Calistril,Summer,16,Wealday, ,3, 
4722,Calistril,Summer,17,Oathday, ,3, 
4722,Calistril,Summer,18,Fireday,Tzeniwe’s Birthday,3, 
4722,Calistril,Summer,19,Starday, ,3, 
4722,Calistril,Summer,20,Sunday, ,3, 
4722,Calistril,Summer,21,Moonday, ,3, 
4722,Calistril,Summer,22,Toilday, ,3, 
4722,Calistril,Summer,23,Wealday, ,3, 
4722,Calistril,Summer,24,Oathday, ,3, 
4722,Calistril,Summer,25,Fireday, ,3, 
4722,Calistril,Summer,26,Starday, ,3, 
4722,Calistril,Summer,27,Sunday, ,3, 
4722,Calistril,Summer,28,Moonday, ,3,End-of-Year Ceremonies
4722,Pharast,Late Summer,1,Toilday,Waning Light (Late Sum. Solstice),—, 
4722,Pharast,Late Summer,2,Wealday, ,—, 
4722,Pharast,Late Summer,3,Oathday, ,—, 
4722,Pharast,Late Summer,4,Fireday, ,—, 
4722,Pharast,Late Summer,5,Starday,Day of Bones (Pharasma),—, 
4722,Pharast,Late Summer,6,Sunday, ,—, 
4722,Pharast,Late Summer,7,Moonday, ,—, 
4722,Pharast,Late Summer,8,Toilday, ,—, 
4722,Pharast,Late Summer,9,Wealday, ,—, 
4722,Pharast,Late Summer,10,Oathday, ,—, 
4722,Pharast,Late Summer,11,Fireday, ,—, 
4722,Pharast,Late Summer,12,Starday, ,—, 
4722,Pharast,Late Summer,13,Sunday, ,—, 
4722,Pharast,Late Summer,14,Moonday, ,—, 
4722,Pharast,Late Summer,15,Toilday, ,—, 
4722,Pharast,Late Summer,16,Wealday, ,—, 
4722,Pharast,Late Summer,17,Oathday, ,—, 
4722,Pharast,Late Summer,18,Fireday, ,—, 
4722,Pharast,Late Summer,19,Starday, ,—, 
4722,Pharast,Late Summer,20,Sunday, ,—, 
4722,Pharast,Late Summer,21,Moonday, ,—, 
4722,Pharast,Late Summer,22,Toilday, ,—, 
4722,Pharast,Late Summer,23,Wealday, ,—, 
4722,Pharast,Late Summer,24,Oathday, ,—, 
4722,Pharast,Late Summer,25,Fireday, ,—, 
4722,Pharast,Late Summer,26,Starday, ,—, 
4722,Pharast,Late Summer,27,Sunday,,—, 
4722,Pharast,Late Summer,28,Moonday, Burning blades Festival,—, 
4722,Pharast,Late Summer,29,Toilday, Burning blades Festival,—, 
4722,Pharast,Late Summer,30,Wealday, Burning blades Festival,—, 
4722,Pharast,Late Summer,31,Oathday, Burning blades Festival,—, 
4722,Gozran,Late Summer,1,Fireday, Burning blades Festival,—, 
4722,Gozran,Late Summer,2,Starday, Burning blades Festival,—, 
4722,Gozran,Late Summer,3,Sunday, Burning blades Festival,—, 
4722,Gozran,Late Summer,4,Moonday, ,—, 
4722,Gozran,Late Summer,5,Toilday, ,—, 
4722,Gozran,Late Summer,6,Wealday, ,—, 
4722,Gozran,Late Summer,7,Oathday, ,—, 
4722,Gozran,Late Summer,8,Fireday, ,—, 
4722,Gozran,Late Summer,9,Starday, ,—, 
4722,Gozran,Late Summer,10,Sunday, ,—, 
4722,Gozran,Late Summer,11,Moonday, ,—, 
4722,Gozran,Late Summer,12,Toilday, ,—, 
4722,Gozran,Late Summer,13,Wealday, ,—, 
4722,Gozran,Late Summer,14,Oathday, ,—, 
4722,Gozran,Late Summer,15,Fireday, ,—, 
4722,Gozran,Late Summer,16,Starday, ,—, 
4722,Gozran,Late Summer,17,Sunday, ,—, 
4722,Gozran,Late Summer,18,Moonday,Esi’s Birthday,—, 
4722,Gozran,Late Summer,19,Toilday, ,—, 
4722,Gozran,Late Summer,20,Wealday, ,—, 
4722,Gozran,Late Summer,21,Oathday, ,—, 
4722,Gozran,Late Summer,22,Fireday, ,—, 
4722,Gozran,Late Summer,23,Starday, ,—, 
4722,Gozran,Late Summer,24,Sunday, ,—, 
4722,Gozran,Late Summer,25,Moonday, ,—, 
4722,Gozran,Late Summer,26,Toilday, ,—, 
4722,Gozran,Late Summer,27,Wealday, ,—, 
4722,Gozran,Late Summer,28,Oathday, ,—, 
4722,Gozran,Late Summer,29,Fireday, ,—, 
4722,Gozran,Late Summer,30,Starday, ,—, 
4722,Desnus,Late Summer,1,Sunday, ,—, 
4722,Desnus,Late Summer,2,Moonday, ,—, 
4722,Desnus,Late Summer,3,Toilday, ,—, 
4722,Desnus,Late Summer,4,Wealday, ,—, 
4722,Desnus,Late Summer,5,Oathday, ,—, 
4722,Desnus,Late Summer,6,Fireday, ,—, 
4722,Desnus,Late Summer,7,Starday, ,—, 
4722,Desnus,Late Summer,8,Sunday, ,—, 
4722,Desnus,Late Summer,9,Moonday, ,—, 
4722,Desnus,Late Summer,10,Toilday, ,—, 
4722,Desnus,Late Summer,11,Wealday, ,—, 
4722,Desnus,Late Summer,12,Oathday, ,—, 
4722,Desnus,Late Summer,13,Fireday, Old mage Day,—, 
4722,Desnus,Late Summer,14,Starday, ,—, 
4722,Desnus,Late Summer,15,Sunday, ,—, 
4722,Desnus,Late Summer,16,Moonday, ,—, 
4722,Desnus,Late Summer,17,Toilday, ,—, 
4722,Desnus,Late Summer,18,Wealday, ,—, 
4722,Desnus,Late Summer,19,Oathday, ,—, 
4722,Desnus,Late Summer,20,Fireday, ,—, 
4722,Desnus,Late Summer,21,Starday, ,—, 
4722,Desnus,Late Summer,22,Sunday, ,—, 
4722,Desnus,Late Summer,23,Moonday, ,—, 
4722,Desnus,Late Summer,24,Toilday, ,—, 
4722,Desnus,Late Summer,25,Wealday,Crystalhue (Shelyn),—, 
4722,Desnus,Late Summer,26,Oathday, ,—, 
4722,Desnus,Late Summer,27,Fireday, ,—, 
4722,Desnus,Late Summer,28,Starday, ,—, 
4722,Desnus,Late Summer,29,Sunday, ,—, 
4722,Desnus,Late Summer,30,Moonday, Night of the Pale,—, 
4722,Desnus,Late Summer,31,Toilday,Turning Day,—, 